account,amount
クレカ決済  デビット 592729 ,0.0
クレカ決済  振込*アメリカンエキスプレスインターナシ ,0.0
デビット  デビット ,0.0
デビット  デビット 000570 [適格]10％,0.0
デビット  デビット 001603 ,0.0
デビット  デビット 002669 ,0.0
デビット  デビット 002680 ,0.0
デビット  デビット 004623 ,0.0
デビット  デビット 005055 ,0.0
デビット  デビット 005592 ,0.0
デビット  デビット 005864 ,0.0
デビット  デビット 010123 ,0.0
デビット  デビット 010163 [適格]10％,0.0
デビット  デビット 010506 ,0.0
デビット  デビット 011020 ,0.0
デビット  デビット 011133 ,0.0
デビット  デビット 012258 ,0.0
デビット  デビット 012552 ,0.0
デビット  デビット 013110 ,0.0
デビット  デビット 013587 ,0.0
デビット  デビット 013600 ,0.0
デビット  デビット 013604 ,0.0
デビット  デビット 013648 ,0.0
デビット  デビット 013652 ,0.0
デビット  デビット 013822 ,0.0
デビット  デビット 013926 ,0.0
デビット  デビット 014838 ,0.0
デビット  デビット 016265 [適格]10％,0.0
デビット  デビット 016671 [適格]10％,0.0
デビット  デビット 016716 [適格]10％,0.0
デビット  デビット 016840 [適格]10％,0.0
デビット  デビット 018597 [適格]10％,0.0
デビット  デビット 019275 [適格]10％,0.0
デビット  デビット 019615 ,0.0
デビット  デビット 019656 ,0.0
デビット  デビット 020914 [適格]10％,0.0
デビット  デビット 022169 ,0.0
デビット  デビット 022234 ,0.0
デビット  デビット 022252 ,0.0
デビット  デビット 023362 ,0.0
デビット  デビット 024039 ,0.0
デビット  デビット 024075 ,0.0
デビット  デビット 024676 ,0.0
デビット  デビット 024963 ,0.0
デビット  デビット 025400 ,0.0
デビット  デビット 025546 ,0.0
デビット  デビット 025565 ,0.0
デビット  デビット 026305 ,0.0
デビット  デビット 026372 ,0.0
デビット  デビット 027610 [適格]10％,0.0
デビット  デビット 027634 ,0.0
デビット  デビット 027985 ,0.0
デビット  デビット 028392 [適格]10％,0.0
デビット  デビット 030972 ,0.0
デビット  デビット 031341 ,0.0
デビット  デビット 032214 ,0.0
デビット  デビット 032243 ,0.0
デビット  デビット 032287 ,0.0
デビット  デビット 032338 ,0.0
デビット  デビット 034167 [適格]10％,0.0
デビット  デビット 034562 ,0.0
デビット  デビット 034752 ,0.0
デビット  デビット 035393 ,0.0
デビット  デビット 035804 [適格]10％,0.0
デビット  デビット 036814 ,0.0
デビット  デビット 037518 ,0.0
デビット  デビット 037858 ,0.0
デビット  デビット 038277 ,0.0
デビット  デビット 038423 ,0.0
デビット  デビット 038525 ,0.0
デビット  デビット 038535 ,0.0
デビット  デビット 038796 ,0.0
デビット  デビット 038956 ,0.0
デビット  デビット 038992 ,0.0
デビット  デビット 039515 ,0.0
デビット  デビット 039665 ,0.0
デビット  デビット 040416 [適格]10％,0.0
デビット  デビット 040783 ,0.0
デビット  デビット 041880 ,0.0
デビット  デビット 042636 ,0.0
デビット  デビット 042703 ,0.0
デビット  デビット 043170 ,0.0
デビット  デビット 043253 ,0.0
デビット  デビット 043299 ,0.0
デビット  デビット 043866 ,0.0
デビット  デビット 045804 ,0.0
デビット  デビット 046381 ,0.0
デビット  デビット 046784 ,0.0
デビット  デビット 047086 ,0.0
デビット  デビット 048052 ,0.0
デビット  デビット 049425 ,0.0
デビット  デビット 049579 [適格]10％,0.0
デビット  デビット 049818 ,0.0
デビット  デビット 049903 ,0.0
デビット  デビット 049980 ,0.0
デビット  デビット 050917 ,0.0
デビット  デビット 051722 ,0.0
デビット  デビット 052252 ,0.0
デビット  デビット 052405 [適格]10％,0.0
デビット  デビット 052440 ,0.0
デビット  デビット 053753 [適格]10％,0.0
デビット  デビット 055438 [適格]10％,0.0
デビット  デビット 056274 ,0.0
デビット  デビット 057416 ,0.0
デビット  デビット 057730 ,0.0
デビット  デビット 058320 ,0.0
デビット  デビット 058968 ,0.0
デビット  デビット 059180 ,0.0
デビット  デビット 059904 [適格]10％,0.0
デビット  デビット 060877 ,0.0
デビット  デビット 061179 ,0.0
デビット  デビット 061908 ,0.0
デビット  デビット 062371 [適格]10％,0.0
デビット  デビット 063429 ,0.0
デビット  デビット 063740 ,0.0
デビット  デビット 063777 ,0.0
デビット  デビット 064523 ,0.0
デビット  デビット 064563 ,0.0
デビット  デビット 064575 ,0.0
デビット  デビット 064668 ,0.0
デビット  デビット 064804 ,0.0
デビット  デビット 064884 ,0.0
デビット  デビット 065089 ,0.0
デビット  デビット 066072 ,0.0
デビット  デビット 066686 [適格]10％,0.0
デビット  デビット 066816 ,0.0
デビット  デビット 067043 ,0.0
デビット  デビット 067129 ,0.0
デビット  デビット 067506 ,0.0
デビット  デビット 067964 ,0.0
デビット  デビット 069756 ,0.0
デビット  デビット 070509 ,0.0
デビット  デビット 070908 ,0.0
デビット  デビット 070959 [適格]10％,0.0
デビット  デビット 071048 [適格]10％,0.0
デビット  デビット 072722 ,0.0
デビット  デビット 073555 [適格]10％,0.0
デビット  デビット 073755 ,0.0
デビット  デビット 074101 ,0.0
デビット  デビット 074828 ,0.0
デビット  デビット 075829 ,0.0
デビット  デビット 076330 ,0.0
デビット  デビット 076549 ,0.0
デビット  デビット 077453 ,0.0
デビット  デビット 077474 ,0.0
デビット  デビット 077963 [適格]10％,0.0
デビット  デビット 078367 ,0.0
デビット  デビット 078567 ,0.0
デビット  デビット 078968 ,0.0
デビット  デビット 080608 ,0.0
デビット  デビット 081683 ,0.0
デビット  デビット 081755 [適格]10％,0.0
デビット  デビット 082273 ,0.0
デビット  デビット 083090 ,0.0
デビット  デビット 085376 ,0.0
デビット  デビット 086742 ,0.0
デビット  デビット 086822 [適格]10％,0.0
デビット  デビット 087839 ,0.0
デビット  デビット 088242 ,0.0
デビット  デビット 088858 ,0.0
デビット  デビット 089990 ,0.0
デビット  デビット 090531 ,0.0
デビット  デビット 090764 ,0.0
デビット  デビット 091131 ,0.0
デビット  デビット 091512 ,0.0
デビット  デビット 091668 ,0.0
デビット  デビット 092035 ,0.0
デビット  デビット 094589 ,0.0
デビット  デビット 095122 ,0.0
デビット  デビット 095176 ,0.0
デビット  デビット 097390 ,0.0
デビット  デビット 098269 ,0.0
デビット  デビット 098388 [適格]10％,0.0
デビット  デビット 099079 ,0.0
デビット  デビット 099311 ,0.0
デビット  デビット 099767 ,0.0
デビット  デビット 100698 ,0.0
デビット  デビット 101121 ,0.0
デビット  デビット 101274 ,0.0
デビット  デビット 101726 ,0.0
デビット  デビット 101795 ,0.0
デビット  デビット 102436 ,0.0
デビット  デビット 102747 ,0.0
デビット  デビット 102755 ,0.0
デビット  デビット 103088 [適格]10％,0.0
デビット  デビット 104964 ,0.0
デビット  デビット 104983 ,0.0
デビット  デビット 104988 ,0.0
デビット  デビット 105605 ,0.0
デビット  デビット 105615 ,0.0
デビット  デビット 105977 ,0.0
デビット  デビット 106462 ,0.0
デビット  デビット 106900 ,0.0
デビット  デビット 106965 [適格]10％,0.0
デビット  デビット 107528 ,0.0
デビット  デビット 107856 ,0.0
デビット  デビット 109902 ,0.0
デビット  デビット 110592 [適格]10％,0.0
デビット  デビット 111403 ,0.0
デビット  デビット 111604 ,0.0
デビット  デビット 111742 ,0.0
デビット  デビット 114258 ,0.0
デビット  デビット 114611 [適格]10％,0.0
デビット  デビット 115076 ,0.0
デビット  デビット 115205 ,0.0
デビット  デビット 115905 ,0.0
デビット  デビット 116051 ,0.0
デビット  デビット 117181 ,0.0
デビット  デビット 118453 ,0.0
デビット  デビット 118878 ,0.0
デビット  デビット 119474 ,0.0
デビット  デビット 121437 [適格]10％,0.0
デビット  デビット 121880 ,0.0
デビット  デビット 121947 ,0.0
デビット  デビット 122019 ,0.0
デビット  デビット 122544 ,0.0
デビット  デビット 122598 ,0.0
デビット  デビット 122754 ,0.0
デビット  デビット 122830 ,0.0
デビット  デビット 123505 ,0.0
デビット  デビット 123995 ,0.0
デビット  デビット 124933 ,0.0
デビット  デビット 125796 ,0.0
デビット  デビット 127149 ,0.0
デビット  デビット 127191 ,0.0
デビット  デビット 127891 ,0.0
デビット  デビット 129030 ,0.0
デビット  デビット 129048 ,0.0
デビット  デビット 129158 ,0.0
デビット  デビット 129287 ,0.0
デビット  デビット 131138 ,0.0
デビット  デビット 131139 ,0.0
デビット  デビット 131164 ,0.0
デビット  デビット 131177 ,0.0
デビット  デビット 133898 ,0.0
デビット  デビット 135567 ,0.0
デビット  デビット 136131 [適格]10％,0.0
デビット  デビット 137505 [適格]10％,0.0
デビット  デビット 137532 [適格]10％,0.0
デビット  デビット 138327 ,0.0
デビット  デビット 138911 ,0.0
デビット  デビット 140557 ,0.0
デビット  デビット 140643 ,0.0
デビット  デビット 140885 ,0.0
デビット  デビット 140960 ,0.0
デビット  デビット 142052 ,0.0
デビット  デビット 142895 ,0.0
デビット  デビット 143538 ,0.0
デビット  デビット 143576 [適格]10％,0.0
デビット  デビット 143597 [適格]10％,0.0
デビット  デビット 143650 ,0.0
デビット  デビット 145251 ,0.0
デビット  デビット 145506 [適格]10％,0.0
デビット  デビット 145673 ,0.0
デビット  デビット 145765 [適格]10％,0.0
デビット  デビット 146121 ,0.0
デビット  デビット 147659 ,0.0
デビット  デビット 149154 ,0.0
デビット  デビット 149459 ,0.0
デビット  デビット 151189 ,0.0
デビット  デビット 151383 ,0.0
デビット  デビット 151929 ,0.0
デビット  デビット 152060 [適格]10％,0.0
デビット  デビット 155131 ,0.0
デビット  デビット 156271 ,0.0
デビット  デビット 156534 [適格]10％,0.0
デビット  デビット 157470 ,0.0
デビット  デビット 157538 ,0.0
デビット  デビット 157966 ,0.0
デビット  デビット 157982 ,0.0
デビット  デビット 159077 ,0.0
デビット  デビット 160362 ,0.0
デビット  デビット 160577 ,0.0
デビット  デビット 161106 [適格]10％,0.0
デビット  デビット 162167 ,0.0
デビット  デビット 162323 ,0.0
デビット  デビット 163243 ,0.0
デビット  デビット 163365 ,0.0
デビット  デビット 163809 ,0.0
デビット  デビット 163870 ,0.0
デビット  デビット 163882 ,0.0
デビット  デビット 163910 ,0.0
デビット  デビット 163919 ,0.0
デビット  デビット 163935 ,0.0
デビット  デビット 164080 [適格]10％,0.0
デビット  デビット 164743 ,0.0
デビット  デビット 165587 ,0.0
デビット  デビット 165869 ,0.0
デビット  デビット 165917 ,0.0
デビット  デビット 166376 ,0.0
デビット  デビット 166405 ,0.0
デビット  デビット 166616 ,0.0
デビット  デビット 167612 ,0.0
デビット  デビット 168047 ,0.0
デビット  デビット 169040 ,0.0
デビット  デビット 169351 ,0.0
デビット  デビット 170975 ,0.0
デビット  デビット 172071 ,0.0
デビット  デビット 172458 ,0.0
デビット  デビット 172619 ,0.0
デビット  デビット 173074 ,0.0
デビット  デビット 174399 ,0.0
デビット  デビット 175455 ,0.0
デビット  デビット 176003 ,0.0
デビット  デビット 176005 ,0.0
デビット  デビット 176024 ,0.0
デビット  デビット 176213 ,0.0
デビット  デビット 176363 ,0.0
デビット  デビット 176759 ,0.0
デビット  デビット 177061 ,0.0
デビット  デビット 177259 ,0.0
デビット  デビット 177533 ,0.0
デビット  デビット 177736 ,0.0
デビット  デビット 177751 ,0.0
デビット  デビット 179222 ,0.0
デビット  デビット 179558 ,0.0
デビット  デビット 179837 ,0.0
デビット  デビット 180081 [適格]10％,0.0
デビット  デビット 180959 ,0.0
デビット  デビット 182046 ,0.0
デビット  デビット 182053 ,0.0
デビット  デビット 182762 [適格]10％,0.0
デビット  デビット 183387 ,0.0
デビット  デビット 184181 ,0.0
デビット  デビット 184950 [適格]10％,0.0
デビット  デビット 185251 ,0.0
デビット  デビット 185378 ,0.0
デビット  デビット 187115 ,0.0
デビット  デビット 187295 ,0.0
デビット  デビット 187313 [適格]10％,0.0
デビット  デビット 187867 ,0.0
デビット  デビット 188488 ,0.0
デビット  デビット 188892 [適格]10％,0.0
デビット  デビット 190691 ,0.0
デビット  デビット 190756 ,0.0
デビット  デビット 190880 ,0.0
デビット  デビット 193477 ,0.0
デビット  デビット 193569 ,0.0
デビット  デビット 193760 ,0.0
デビット  デビット 194122 ,0.0
デビット  デビット 194993 ,0.0
デビット  デビット 195813 ,0.0
デビット  デビット 196682 ,0.0
デビット  デビット 197544 ,0.0
デビット  デビット 199546 [適格]10％,0.0
デビット  デビット 199660 ,0.0
デビット  デビット 199716 [適格]10％,0.0
デビット  デビット 200063 ,0.0
デビット  デビット 200557 ,0.0
デビット  デビット 201705 ,0.0
デビット  デビット 202357 ,0.0
デビット  デビット 204282 ,0.0
デビット  デビット 204388 ,0.0
デビット  デビット 204448 [適格]10％,0.0
デビット  デビット 204644 ,0.0
デビット  デビット 204682 ,0.0
デビット  デビット 204887 ,0.0
デビット  デビット 204915 ,0.0
デビット  デビット 204974 ,0.0
デビット  デビット 205243 ,0.0
デビット  デビット 205353 ,0.0
デビット  デビット 205439 ,0.0
デビット  デビット 205515 ,0.0
デビット  デビット 205682 ,0.0
デビット  デビット 205683 [適格]10％,0.0
デビット  デビット 205706 ,0.0
デビット  デビット 205738 ,0.0
デビット  デビット 205846 ,0.0
デビット  デビット 206031 ,0.0
デビット  デビット 206088 ,0.0
デビット  デビット 206112 ,0.0
デビット  デビット 206369 ,0.0
デビット  デビット 206400 ,0.0
デビット  デビット 206445 ,0.0
デビット  デビット 206735 ,0.0
デビット  デビット 208422 ,0.0
デビット  デビット 208796 ,0.0
デビット  デビット 208860 [適格]10％,0.0
デビット  デビット 209004 ,0.0
デビット  デビット 209252 [適格]10％,0.0
デビット  デビット 209760 ,0.0
デビット  デビット 210399 ,0.0
デビット  デビット 210594 ,0.0
デビット  デビット 210659 ,0.0
デビット  デビット 211025 ,0.0
デビット  デビット 211468 ,0.0
デビット  デビット 211500 ,0.0
デビット  デビット 211689 ,0.0
デビット  デビット 212102 [適格]10％,0.0
デビット  デビット 212212 ,0.0
デビット  デビット 213074 ,0.0
デビット  デビット 213372 ,0.0
デビット  デビット 213463 ,0.0
デビット  デビット 213593 ,0.0
デビット  デビット 215448 [適格]10％,0.0
デビット  デビット 215753 ,0.0
デビット  デビット 216151 ,0.0
デビット  デビット 216373 ,0.0
デビット  デビット 217818 ,0.0
デビット  デビット 218448 ,0.0
デビット  デビット 219499 ,0.0
デビット  デビット 219636 ,0.0
デビット  デビット 220048 ,0.0
デビット  デビット 220422 ,0.0
デビット  デビット 221610 ,0.0
デビット  デビット 221922 ,0.0
デビット  デビット 221988 ,0.0
デビット  デビット 223508 ,0.0
デビット  デビット 223968 [適格]10％,0.0
デビット  デビット 224628 [適格]10％,0.0
デビット  デビット 225136 ,0.0
デビット  デビット 225212 ,0.0
デビット  デビット 225345 ,0.0
デビット  デビット 226648 ,0.0
デビット  デビット 227759 ,0.0
デビット  デビット 227872 [適格]10％,0.0
デビット  デビット 228009 ,0.0
デビット  デビット 229211 [適格]10％,0.0
デビット  デビット 229294 [適格]10％,0.0
デビット  デビット 229904 ,0.0
デビット  デビット 230254 [適格]10％,0.0
デビット  デビット 230309 ,0.0
デビット  デビット 230606 ,0.0
デビット  デビット 231212 ,0.0
デビット  デビット 231304 ,0.0
デビット  デビット 231648 ,0.0
デビット  デビット 232492 ,0.0
デビット  デビット 233165 ,0.0
デビット  デビット 235206 [適格]10％,0.0
デビット  デビット 235928 ,0.0
デビット  デビット 236435 ,0.0
デビット  デビット 236620 ,0.0
デビット  デビット 236808 ,0.0
デビット  デビット 237282 ,0.0
デビット  デビット 239467 ,0.0
デビット  デビット 239667 ,0.0
デビット  デビット 240099 ,0.0
デビット  デビット 240485 ,0.0
デビット  デビット 241043 [適格]10％,0.0
デビット  デビット 241442 ,0.0
デビット  デビット 241607 ,0.0
デビット  デビット 241732 ,0.0
デビット  デビット 241738 ,0.0
デビット  デビット 241744 ,0.0
デビット  デビット 242156 ,0.0
デビット  デビット 243026 [適格]10％,0.0
デビット  デビット 243125 ,0.0
デビット  デビット 243367 ,0.0
デビット  デビット 243460 ,0.0
デビット  デビット 243488 [適格]10％,0.0
デビット  デビット 244513 ,0.0
デビット  デビット 244534 ,0.0
デビット  デビット 244561 ,0.0
デビット  デビット 244595 [適格]10％,0.0
デビット  デビット 245004 ,0.0
デビット  デビット 245012 ,0.0
デビット  デビット 245044 ,0.0
デビット  デビット 246004 [適格]10％,0.0
デビット  デビット 247739 ,0.0
デビット  デビット 249907 ,0.0
デビット  デビット 249936 ,0.0
デビット  デビット 249989 ,0.0
デビット  デビット 250192 ,0.0
デビット  デビット 250434 ,0.0
デビット  デビット 250649 [適格]10％,0.0
デビット  デビット 251461 ,0.0
デビット  デビット 251529 ,0.0
デビット  デビット 253691 ,0.0
デビット  デビット 255272 ,0.0
デビット  デビット 255699 [適格]10％,0.0
デビット  デビット 256826 [適格]10％,0.0
デビット  デビット 257494 ,0.0
デビット  デビット 257571 ,0.0
デビット  デビット 258444 [適格]10％,0.0
デビット  デビット 258498 ,0.0
デビット  デビット 258520 ,0.0
デビット  デビット 259031 ,0.0
デビット  デビット 259889 ,0.0
デビット  デビット 260183 ,0.0
デビット  デビット 261316 ,0.0
デビット  デビット 261449 ,0.0
デビット  デビット 262167 ,0.0
デビット  デビット 262228 ,0.0
デビット  デビット 262253 ,0.0
デビット  デビット 263471 ,0.0
デビット  デビット 264448 ,0.0
デビット  デビット 264851 ,0.0
デビット  デビット 265363 ,0.0
デビット  デビット 265404 ,0.0
デビット  デビット 265475 ,0.0
デビット  デビット 266230 ,0.0
デビット  デビット 266652 ,0.0
デビット  デビット 267036 ,0.0
デビット  デビット 267642 ,0.0
デビット  デビット 267942 ,0.0
デビット  デビット 268294 [適格]10％,0.0
デビット  デビット 268518 ,0.0
デビット  デビット 268900 ,0.0
デビット  デビット 270168 [適格]10％,0.0
デビット  デビット 270220 [適格]10％,0.0
デビット  デビット 270279 [適格]10％,0.0
デビット  デビット 270286 ,0.0
デビット  デビット 270322 ,0.0
デビット  デビット 270348 ,0.0
デビット  デビット 270684 ,0.0
デビット  デビット 270895 ,0.0
デビット  デビット 270996 [適格]10％,0.0
デビット  デビット 271299 ,0.0
デビット  デビット 271496 ,0.0
デビット  デビット 271570 ,0.0
デビット  デビット 271778 ,0.0
デビット  デビット 271832 ,0.0
デビット  デビット 271862 ,0.0
デビット  デビット 272595 ,0.0
デビット  デビット 273584 ,0.0
デビット  デビット 274288 ,0.0
デビット  デビット 274498 [適格]10％,0.0
デビット  デビット 275063 [適格]10％,0.0
デビット  デビット 275276 [適格]10％,0.0
デビット  デビット 275565 ,0.0
デビット  デビット 275732 ,0.0
デビット  デビット 275867 ,0.0
デビット  デビット 276858 ,0.0
デビット  デビット 277248 ,0.0
デビット  デビット 277597 ,0.0
デビット  デビット 278042 ,0.0
デビット  デビット 278117 ,0.0
デビット  デビット 278324 ,0.0
デビット  デビット 278409 ,0.0
デビット  デビット 278420 ,0.0
デビット  デビット 278538 ,0.0
デビット  デビット 278652 [適格]10％,0.0
デビット  デビット 278670 [適格]10％,0.0
デビット  デビット 279384 ,0.0
デビット  デビット 280549 [適格]10％,0.0
デビット  デビット 280651 ,0.0
デビット  デビット 280765 ,0.0
デビット  デビット 281277 ,0.0
デビット  デビット 281522 ,0.0
デビット  デビット 281752 ,0.0
デビット  デビット 282150 ,0.0
デビット  デビット 282465 [適格]10％,0.0
デビット  デビット 282743 ,0.0
デビット  デビット 282850 ,0.0
デビット  デビット 282863 ,0.0
デビット  デビット 284333 ,0.0
デビット  デビット 284491 ,0.0
デビット  デビット 284554 ,0.0
デビット  デビット 284883 ,0.0
デビット  デビット 285641 ,0.0
デビット  デビット 285843 ,0.0
デビット  デビット 286086 ,0.0
デビット  デビット 286144 [適格]10％,0.0
デビット  デビット 286749 [適格]10％,0.0
デビット  デビット 287228 ,0.0
デビット  デビット 287302 [適格]10％,0.0
デビット  デビット 287807 ,0.0
デビット  デビット 288274 ,0.0
デビット  デビット 288740 ,0.0
デビット  デビット 289131 ,0.0
デビット  デビット 289157 ,0.0
デビット  デビット 289439 ,0.0
デビット  デビット 289464 [適格]10％,0.0
デビット  デビット 289492 ,0.0
デビット  デビット 289610 ,0.0
デビット  デビット 290737 [適格]10％,0.0
デビット  デビット 291035 ,0.0
デビット  デビット 291288 ,0.0
デビット  デビット 291542 ,0.0
デビット  デビット 292616 ,0.0
デビット  デビット 293402 ,0.0
デビット  デビット 293884 ,0.0
デビット  デビット 294141 ,0.0
デビット  デビット 295541 ,0.0
デビット  デビット 296667 ,0.0
デビット  デビット 297474 ,0.0
デビット  デビット 297654 [適格]10％,0.0
デビット  デビット 299250 [適格]10％,0.0
デビット  デビット 299280 ,0.0
デビット  デビット 299643 ,0.0
デビット  デビット 300099 ,0.0
デビット  デビット 300829 [適格]10％,0.0
デビット  デビット 301160 ,0.0
デビット  デビット 302174 ,0.0
デビット  デビット 302510 [適格]10％,0.0
デビット  デビット 304585 ,0.0
デビット  デビット 304693 ,0.0
デビット  デビット 305583 ,0.0
デビット  デビット 305831 ,0.0
デビット  デビット 306233 ,0.0
デビット  デビット 306861 ,0.0
デビット  デビット 306974 ,0.0
デビット  デビット 307559 ,0.0
デビット  デビット 307574 [適格]10％,0.0
デビット  デビット 309796 ,0.0
デビット  デビット 310053 ,0.0
デビット  デビット 310396 [適格]10％,0.0
デビット  デビット 310429 ,0.0
デビット  デビット 310476 ,0.0
デビット  デビット 311604 ,0.0
デビット  デビット 311645 [適格]10％,0.0
デビット  デビット 312040 [適格]10％,0.0
デビット  デビット 312202 ,0.0
デビット  デビット 313043 ,0.0
デビット  デビット 313123 ,0.0
デビット  デビット 313584 ,0.0
デビット  デビット 313778 ,0.0
デビット  デビット 314193 ,0.0
デビット  デビット 314272 [適格]10％,0.0
デビット  デビット 314365 ,0.0
デビット  デビット 314400 ,0.0
デビット  デビット 314800 ,0.0
デビット  デビット 315514 ,0.0
デビット  デビット 316829 ,0.0
デビット  デビット 317695 ,0.0
デビット  デビット 317721 [適格]10％,0.0
デビット  デビット 319381 [適格]10％,0.0
デビット  デビット 320033 ,0.0
デビット  デビット 320331 ,0.0
デビット  デビット 320333 ,0.0
デビット  デビット 320802 ,0.0
デビット  デビット 321767 ,0.0
デビット  デビット 322881 [適格]10％,0.0
デビット  デビット 323695 ,0.0
デビット  デビット 323698 [適格]10％,0.0
デビット  デビット 324062 ,0.0
デビット  デビット 324695 ,0.0
デビット  デビット 324717 ,0.0
デビット  デビット 325258 ,0.0
デビット  デビット 325630 ,0.0
デビット  デビット 326049 ,0.0
デビット  デビット 326067 ,0.0
デビット  デビット 326236 ,0.0
デビット  デビット 326704 ,0.0
デビット  デビット 327070 ,0.0
デビット  デビット 329247 ,0.0
デビット  デビット 329265 ,0.0
デビット  デビット 329449 ,0.0
デビット  デビット 329605 ,0.0
デビット  デビット 329885 ,0.0
デビット  デビット 330031 ,0.0
デビット  デビット 330265 ,0.0
デビット  デビット 330609 ,0.0
デビット  デビット 332096 ,0.0
デビット  デビット 333172 ,0.0
デビット  デビット 333620 ,0.0
デビット  デビット 333650 ,0.0
デビット  デビット 334166 ,0.0
デビット  デビット 334358 ,0.0
デビット  デビット 334563 ,0.0
デビット  デビット 334566 ,0.0
デビット  デビット 336973 ,0.0
デビット  デビット 337466 [適格]10％,0.0
デビット  デビット 337490 ,0.0
デビット  デビット 337873 ,0.0
デビット  デビット 337973 ,0.0
デビット  デビット 338069 [適格]10％,0.0
デビット  デビット 338432 ,0.0
デビット  デビット 338670 ,0.0
デビット  デビット 339056 [適格]10％,0.0
デビット  デビット 339511 ,0.0
デビット  デビット 339806 ,0.0
デビット  デビット 339848 ,0.0
デビット  デビット 340423 ,0.0
デビット  デビット 341154 ,0.0
デビット  デビット 341229 [適格]10％,0.0
デビット  デビット 342134 ,0.0
デビット  デビット 342218 ,0.0
デビット  デビット 342976 [適格]10％,0.0
デビット  デビット 343057 ,0.0
デビット  デビット 343711 ,0.0
デビット  デビット 343782 ,0.0
デビット  デビット 343924 ,0.0
デビット  デビット 344115 ,0.0
デビット  デビット 344194 ,0.0
デビット  デビット 344195 ,0.0
デビット  デビット 344204 ,0.0
デビット  デビット 344681 ,0.0
デビット  デビット 344684 ,0.0
デビット  デビット 345139 ,0.0
デビット  デビット 345261 ,0.0
デビット  デビット 346037 ,0.0
デビット  デビット 346707 ,0.0
デビット  デビット 347969 ,0.0
デビット  デビット 348026 ,0.0
デビット  デビット 348179 [適格]10％,0.0
デビット  デビット 348764 ,0.0
デビット  デビット 349269 ,0.0
デビット  デビット 349408 ,0.0
デビット  デビット 350203 ,0.0
デビット  デビット 350239 ,0.0
デビット  デビット 350783 ,0.0
デビット  デビット 350969 ,0.0
デビット  デビット 351045 ,0.0
デビット  デビット 351579 ,0.0
デビット  デビット 351622 ,0.0
デビット  デビット 351807 ,0.0
デビット  デビット 352340 ,0.0
デビット  デビット 352556 ,0.0
デビット  デビット 352636 ,0.0
デビット  デビット 352749 [適格]10％,0.0
デビット  デビット 355911 ,0.0
デビット  デビット 355981 ,0.0
デビット  デビット 356217 ,0.0
デビット  デビット 356274 ,0.0
デビット  デビット 356473 ,0.0
デビット  デビット 356805 ,0.0
デビット  デビット 357382 ,0.0
デビット  デビット 357625 ,0.0
デビット  デビット 358285 ,0.0
デビット  デビット 358390 ,0.0
デビット  デビット 359063 ,0.0
デビット  デビット 359438 [適格]10％,0.0
デビット  デビット 359957 ,0.0
デビット  デビット 361928 ,0.0
デビット  デビット 362086 ,0.0
デビット  デビット 362768 ,0.0
デビット  デビット 363033 ,0.0
デビット  デビット 363796 [適格]10％,0.0
デビット  デビット 364017 ,0.0
デビット  デビット 364245 [適格]10％,0.0
デビット  デビット 364865 ,0.0
デビット  デビット 365040 [適格]10％,0.0
デビット  デビット 365693 [適格]10％,0.0
デビット  デビット 365999 ,0.0
デビット  デビット 366832 [適格]10％,0.0
デビット  デビット 367204 ,0.0
デビット  デビット 367521 ,0.0
デビット  デビット 368242 ,0.0
デビット  デビット 370112 ,0.0
デビット  デビット 370617 ,0.0
デビット  デビット 371001 ,0.0
デビット  デビット 373923 ,0.0
デビット  デビット 374536 ,0.0
デビット  デビット 374633 ,0.0
デビット  デビット 374754 ,0.0
デビット  デビット 375207 [適格]10％,0.0
デビット  デビット 375641 ,0.0
デビット  デビット 376189 ,0.0
デビット  デビット 376198 ,0.0
デビット  デビット 376419 ,0.0
デビット  デビット 377825 [適格]10％,0.0
デビット  デビット 378690 ,0.0
デビット  デビット 379939 ,0.0
デビット  デビット 380059 [適格]10％,0.0
デビット  デビット 380975 ,0.0
デビット  デビット 381039 ,0.0
デビット  デビット 381343 ,0.0
デビット  デビット 381795 ,0.0
デビット  デビット 382157 ,0.0
デビット  デビット 382225 ,0.0
デビット  デビット 382263 ,0.0
デビット  デビット 383252 ,0.0
デビット  デビット 383255 ,0.0
デビット  デビット 383554 ,0.0
デビット  デビット 383792 [適格]10％,0.0
デビット  デビット 383932 ,0.0
デビット  デビット 384178 [適格]10％,0.0
デビット  デビット 385046 [適格]10％,0.0
デビット  デビット 385682 ,0.0
デビット  デビット 385777 ,0.0
デビット  デビット 386323 ,0.0
デビット  デビット 386622 ,0.0
デビット  デビット 387057 [適格]10％,0.0
デビット  デビット 387133 ,0.0
デビット  デビット 387573 ,0.0
デビット  デビット 387692 [適格]10％,0.0
デビット  デビット 387775 ,0.0
デビット  デビット 388822 ,0.0
デビット  デビット 389048 ,0.0
デビット  デビット 389753 ,0.0
デビット  デビット 389934 ,0.0
デビット  デビット 391181 [適格]10％,0.0
デビット  デビット 391911 ,0.0
デビット  デビット 391918 ,0.0
デビット  デビット 391923 ,0.0
デビット  デビット 391944 ,0.0
デビット  デビット 391953 ,0.0
デビット  デビット 391957 ,0.0
デビット  デビット 391974 ,0.0
デビット  デビット 392060 ,0.0
デビット  デビット 392160 ,0.0
デビット  デビット 393554 ,0.0
デビット  デビット 393651 [適格]10％,0.0
デビット  デビット 394382 ,0.0
デビット  デビット 395311 ,0.0
デビット  デビット 397614 ,0.0
デビット  デビット 397997 ,0.0
デビット  デビット 398701 ,0.0
デビット  デビット 399355 ,0.0
デビット  デビット 399561 ,0.0
デビット  デビット 399597 ,0.0
デビット  デビット 399823 ,0.0
デビット  デビット 399890 ,0.0
デビット  デビット 401154 ,0.0
デビット  デビット 402721 ,0.0
デビット  デビット 403248 ,0.0
デビット  デビット 403287 ,0.0
デビット  デビット 404176 ,0.0
デビット  デビット 404503 ,0.0
デビット  デビット 405349 ,0.0
デビット  デビット 405662 ,0.0
デビット  デビット 405855 [適格]10％,0.0
デビット  デビット 406099 ,0.0
デビット  デビット 406252 ,0.0
デビット  デビット 407559 ,0.0
デビット  デビット 407673 [適格]10％,0.0
デビット  デビット 408449 [適格]10％,0.0
デビット  デビット 408678 ,0.0
デビット  デビット 408844 [適格]10％,0.0
デビット  デビット 409170 ,0.0
デビット  デビット 409303 ,0.0
デビット  デビット 410745 ,0.0
デビット  デビット 411199 [適格]10％,0.0
デビット  デビット 411388 [適格]10％,0.0
デビット  デビット 412594 ,0.0
デビット  デビット 412666 ,0.0
デビット  デビット 413558 ,0.0
デビット  デビット 413666 ,0.0
デビット  デビット 413746 ,0.0
デビット  デビット 414034 ,0.0
デビット  デビット 414177 ,0.0
デビット  デビット 414199 ,0.0
デビット  デビット 414631 [適格]10％,0.0
デビット  デビット 415647 ,0.0
デビット  デビット 415791 ,0.0
デビット  デビット 415954 ,0.0
デビット  デビット 416590 ,0.0
デビット  デビット 416856 [適格]10％,0.0
デビット  デビット 419885 ,0.0
デビット  デビット 419934 ,0.0
デビット  デビット 420061 ,0.0
デビット  デビット 420582 ,0.0
デビット  デビット 420611 ,0.0
デビット  デビット 420963 ,0.0
デビット  デビット 421079 ,0.0
デビット  デビット 421858 ,0.0
デビット  デビット 422050 ,0.0
デビット  デビット 422382 ,0.0
デビット  デビット 422608 ,0.0
デビット  デビット 422730 ,0.0
デビット  デビット 423422 ,0.0
デビット  デビット 423829 ,0.0
デビット  デビット 423887 ,0.0
デビット  デビット 423960 ,0.0
デビット  デビット 425036 ,0.0
デビット  デビット 425251 ,0.0
デビット  デビット 426086 ,0.0
デビット  デビット 426152 [適格]10％,0.0
デビット  デビット 426733 ,0.0
デビット  デビット 426868 ,0.0
デビット  デビット 427242 ,0.0
デビット  デビット 427292 [適格]10％,0.0
デビット  デビット 427678 ,0.0
デビット  デビット 428914 [適格]10％,0.0
デビット  デビット 429747 ,0.0
デビット  デビット 429905 ,0.0
デビット  デビット 430129 ,0.0
デビット  デビット 430166 ,0.0
デビット  デビット 432616 ,0.0
デビット  デビット 432626 [適格]10％,0.0
デビット  デビット 433186 ,0.0
デビット  デビット 433207 [適格]10％,0.0
デビット  デビット 433525 ,0.0
デビット  デビット 434095 ,0.0
デビット  デビット 434278 ,0.0
デビット  デビット 434548 [適格]10％,0.0
デビット  デビット 434765 ,0.0
デビット  デビット 435025 ,0.0
デビット  デビット 435364 [適格]10％,0.0
デビット  デビット 435776 ,0.0
デビット  デビット 436101 [適格]10％,0.0
デビット  デビット 436973 ,0.0
デビット  デビット 438753 ,0.0
デビット  デビット 438822 ,0.0
デビット  デビット 438929 ,0.0
デビット  デビット 439016 ,0.0
デビット  デビット 439295 ,0.0
デビット  デビット 439372 ,0.0
デビット  デビット 439429 ,0.0
デビット  デビット 439941 ,0.0
デビット  デビット 440203 ,0.0
デビット  デビット 440279 ,0.0
デビット  デビット 440301 [適格]10％,0.0
デビット  デビット 441523 ,0.0
デビット  デビット 441922 ,0.0
デビット  デビット 442056 ,0.0
デビット  デビット 442151 ,0.0
デビット  デビット 442209 ,0.0
デビット  デビット 443632 ,0.0
デビット  デビット 443906 ,0.0
デビット  デビット 444280 ,0.0
デビット  デビット 444838 ,0.0
デビット  デビット 445022 ,0.0
デビット  デビット 445814 ,0.0
デビット  デビット 446099 [適格]10％,0.0
デビット  デビット 446693 ,0.0
デビット  デビット 446995 ,0.0
デビット  デビット 447136 ,0.0
デビット  デビット 447527 ,0.0
デビット  デビット 447534 ,0.0
デビット  デビット 447616 ,0.0
デビット  デビット 447701 ,0.0
デビット  デビット 447819 ,0.0
デビット  デビット 447951 ,0.0
デビット  デビット 449350 ,0.0
デビット  デビット 449439 ,0.0
デビット  デビット 449641 ,0.0
デビット  デビット 449822 ,0.0
デビット  デビット 449870 [適格]10％,0.0
デビット  デビット 449880 ,0.0
デビット  デビット 450263 [適格]10％,0.0
デビット  デビット 450497 ,0.0
デビット  デビット 450510 ,0.0
デビット  デビット 451334 ,0.0
デビット  デビット 452084 ,0.0
デビット  デビット 452979 [適格]10％,0.0
デビット  デビット 453404 ,0.0
デビット  デビット 453581 ,0.0
デビット  デビット 453676 ,0.0
デビット  デビット 453852 [適格]10％,0.0
デビット  デビット 454336 ,0.0
デビット  デビット 454510 ,0.0
デビット  デビット 454653 ,0.0
デビット  デビット 454782 ,0.0
デビット  デビット 454795 ,0.0
デビット  デビット 454833 ,0.0
デビット  デビット 454845 ,0.0
デビット  デビット 454890 ,0.0
デビット  デビット 454895 ,0.0
デビット  デビット 454900 ,0.0
デビット  デビット 454905 ,0.0
デビット  デビット 456154 [適格]10％,0.0
デビット  デビット 456929 [適格]10％,0.0
デビット  デビット 456980 ,0.0
デビット  デビット 457949 ,0.0
デビット  デビット 458049 ,0.0
デビット  デビット 458093 ,0.0
デビット  デビット 458094 ,0.0
デビット  デビット 458624 ,0.0
デビット  デビット 458797 ,0.0
デビット  デビット 459420 ,0.0
デビット  デビット 459850 ,0.0
デビット  デビット 459941 ,0.0
デビット  デビット 460804 ,0.0
デビット  デビット 460924 ,0.0
デビット  デビット 461261 ,0.0
デビット  デビット 462380 ,0.0
デビット  デビット 462444 ,0.0
デビット  デビット 463201 ,0.0
デビット  デビット 463235 ,0.0
デビット  デビット 463394 ,0.0
デビット  デビット 463612 ,0.0
デビット  デビット 466309 ,0.0
デビット  デビット 466474 ,0.0
デビット  デビット 466697 ,0.0
デビット  デビット 468546 ,0.0
デビット  デビット 469390 [適格]10％,0.0
デビット  デビット 469869 ,0.0
デビット  デビット 470173 ,0.0
デビット  デビット 470184 ,0.0
デビット  デビット 470552 ,0.0
デビット  デビット 471117 ,0.0
デビット  デビット 472372 ,0.0
デビット  デビット 472948 [適格]10％,0.0
デビット  デビット 472950 ,0.0
デビット  デビット 473028 ,0.0
デビット  デビット 473577 ,0.0
デビット  デビット 475644 ,0.0
デビット  デビット 475722 ,0.0
デビット  デビット 475964 ,0.0
デビット  デビット 478769 ,0.0
デビット  デビット 480039 ,0.0
デビット  デビット 480406 [適格]10％,0.0
デビット  デビット 480471 ,0.0
デビット  デビット 480475 ,0.0
デビット  デビット 480482 ,0.0
デビット  デビット 481051 ,0.0
デビット  デビット 481185 ,0.0
デビット  デビット 482353 ,0.0
デビット  デビット 482460 ,0.0
デビット  デビット 483058 ,0.0
デビット  デビット 483503 [適格]10％,0.0
デビット  デビット 483639 ,0.0
デビット  デビット 483796 ,0.0
デビット  デビット 484151 ,0.0
デビット  デビット 484758 [適格]10％,0.0
デビット  デビット 484844 [適格]10％,0.0
デビット  デビット 484883 ,0.0
デビット  デビット 485537 ,0.0
デビット  デビット 485757 ,0.0
デビット  デビット 488466 [適格]10％,0.0
デビット  デビット 488910 ,0.0
デビット  デビット 489490 ,0.0
デビット  デビット 489672 [適格]10％,0.0
デビット  デビット 489702 [適格]10％,0.0
デビット  デビット 490490 [適格]10％,0.0
デビット  デビット 490617 ,0.0
デビット  デビット 491198 [適格]10％,0.0
デビット  デビット 492061 ,0.0
デビット  デビット 492124 ,0.0
デビット  デビット 492173 ,0.0
デビット  デビット 492514 ,0.0
デビット  デビット 493203 ,0.0
デビット  デビット 493225 ,0.0
デビット  デビット 493248 ,0.0
デビット  デビット 493678 ,0.0
デビット  デビット 494659 ,0.0
デビット  デビット 495203 ,0.0
デビット  デビット 497706 ,0.0
デビット  デビット 499567 ,0.0
デビット  デビット 501197 ,0.0
デビット  デビット 501264 ,0.0
デビット  デビット 501288 ,0.0
デビット  デビット 501853 ,0.0
デビット  デビット 503198 [適格]10％,0.0
デビット  デビット 503967 ,0.0
デビット  デビット 503984 ,0.0
デビット  デビット 503992 ,0.0
デビット  デビット 504686 ,0.0
デビット  デビット 504850 ,0.0
デビット  デビット 505558 ,0.0
デビット  デビット 505746 ,0.0
デビット  デビット 509060 ,0.0
デビット  デビット 509411 ,0.0
デビット  デビット 510338 ,0.0
デビット  デビット 510424 ,0.0
デビット  デビット 510740 ,0.0
デビット  デビット 510790 ,0.0
デビット  デビット 511166 ,0.0
デビット  デビット 511338 [適格]10％,0.0
デビット  デビット 511628 ,0.0
デビット  デビット 511917 ,0.0
デビット  デビット 512155 ,0.0
デビット  デビット 512195 [適格]10％,0.0
デビット  デビット 512314 [適格]10％,0.0
デビット  デビット 513515 ,0.0
デビット  デビット 514710 ,0.0
デビット  デビット 515421 [適格]10％,0.0
デビット  デビット 515955 ,0.0
デビット  デビット 516535 ,0.0
デビット  デビット 516566 [適格]10％,0.0
デビット  デビット 516660 ,0.0
デビット  デビット 517442 ,0.0
デビット  デビット 518164 ,0.0
デビット  デビット 518802 ,0.0
デビット  デビット 520538 ,0.0
デビット  デビット 520934 ,0.0
デビット  デビット 521764 ,0.0
デビット  デビット 522225 ,0.0
デビット  デビット 522283 ,0.0
デビット  デビット 523930 ,0.0
デビット  デビット 524300 ,0.0
デビット  デビット 524735 [適格]10％,0.0
デビット  デビット 525273 ,0.0
デビット  デビット 525281 ,0.0
デビット  デビット 525433 ,0.0
デビット  デビット 525860 ,0.0
デビット  デビット 525932 ,0.0
デビット  デビット 526481 [適格]10％,0.0
デビット  デビット 526487 ,0.0
デビット  デビット 526814 ,0.0
デビット  デビット 526928 ,0.0
デビット  デビット 527297 ,0.0
デビット  デビット 527938 ,0.0
デビット  デビット 528569 [適格]10％,0.0
デビット  デビット 528793 ,0.0
デビット  デビット 528998 ,0.0
デビット  デビット 529633 ,0.0
デビット  デビット 529679 ,0.0
デビット  デビット 530177 ,0.0
デビット  デビット 530836 [適格]10％,0.0
デビット  デビット 531092 ,0.0
デビット  デビット 532077 [適格]10％,0.0
デビット  デビット 532178 [適格]10％,0.0
デビット  デビット 532190 [適格]10％,0.0
デビット  デビット 533815 ,0.0
デビット  デビット 535903 [適格]10％,0.0
デビット  デビット 536220 [適格]10％,0.0
デビット  デビット 536493 ,0.0
デビット  デビット 536806 ,0.0
デビット  デビット 536819 ,0.0
デビット  デビット 536826 ,0.0
デビット  デビット 537575 ,0.0
デビット  デビット 537926 ,0.0
デビット  デビット 538173 ,0.0
デビット  デビット 539900 ,0.0
デビット  デビット 540209 ,0.0
デビット  デビット 540294 ,0.0
デビット  デビット 540663 ,0.0
デビット  デビット 541606 [適格]10％,0.0
デビット  デビット 542270 [適格]10％,0.0
デビット  デビット 542551 ,0.0
デビット  デビット 542596 ,0.0
デビット  デビット 542751 ,0.0
デビット  デビット 543115 ,0.0
デビット  デビット 543173 ,0.0
デビット  デビット 543297 ,0.0
デビット  デビット 543964 ,0.0
デビット  デビット 544147 ,0.0
デビット  デビット 544166 ,0.0
デビット  デビット 544415 ,0.0
デビット  デビット 545765 ,0.0
デビット  デビット 546273 ,0.0
デビット  デビット 546347 ,0.0
デビット  デビット 549170 ,0.0
デビット  デビット 549252 ,0.0
デビット  デビット 549417 ,0.0
デビット  デビット 549654 [適格]10％,0.0
デビット  デビット 549790 ,0.0
デビット  デビット 550091 [適格]10％,0.0
デビット  デビット 550723 ,0.0
デビット  デビット 551901 ,0.0
デビット  デビット 552033 ,0.0
デビット  デビット 552059 ,0.0
デビット  デビット 553001 ,0.0
デビット  デビット 553025 [適格]10％,0.0
デビット  デビット 553704 [適格]10％,0.0
デビット  デビット 553777 [適格]10％,0.0
デビット  デビット 555952 [適格]10％,0.0
デビット  デビット 556198 ,0.0
デビット  デビット 556991 ,0.0
デビット  デビット 558575 ,0.0
デビット  デビット 559265 ,0.0
デビット  デビット 559275 ,0.0
デビット  デビット 559286 ,0.0
デビット  デビット 559315 ,0.0
デビット  デビット 559345 ,0.0
デビット  デビット 559371 ,0.0
デビット  デビット 559409 ,0.0
デビット  デビット 559457 ,0.0
デビット  デビット 559495 ,0.0
デビット  デビット 559843 ,0.0
デビット  デビット 560404 [適格]10％,0.0
デビット  デビット 561210 [適格]10％,0.0
デビット  デビット 562409 [適格]10％,0.0
デビット  デビット 563028 ,0.0
デビット  デビット 563181 ,0.0
デビット  デビット 563659 ,0.0
デビット  デビット 563678 ,0.0
デビット  デビット 564150 ,0.0
デビット  デビット 564799 [適格]10％,0.0
デビット  デビット 565068 ,0.0
デビット  デビット 565956 ,0.0
デビット  デビット 566431 ,0.0
デビット  デビット 566630 [適格]10％,0.0
デビット  デビット 566809 [適格]10％,0.0
デビット  デビット 566938 ,0.0
デビット  デビット 567291 ,0.0
デビット  デビット 567467 ,0.0
デビット  デビット 567834 ,0.0
デビット  デビット 567902 ,0.0
デビット  デビット 568489 ,0.0
デビット  デビット 568630 ,0.0
デビット  デビット 569728 ,0.0
デビット  デビット 570329 ,0.0
デビット  デビット 571339 ,0.0
デビット  デビット 572198 [適格]10％,0.0
デビット  デビット 572360 ,0.0
デビット  デビット 573457 ,0.0
デビット  デビット 573656 ,0.0
デビット  デビット 574201 ,0.0
デビット  デビット 574427 ,0.0
デビット  デビット 574793 [適格]10％,0.0
デビット  デビット 575347 [適格]10％,0.0
デビット  デビット 575513 ,0.0
デビット  デビット 576036 ,0.0
デビット  デビット 577283 ,0.0
デビット  デビット 577843 ,0.0
デビット  デビット 578101 [適格]10％,0.0
デビット  デビット 578161 ,0.0
デビット  デビット 578440 [適格]10％,0.0
デビット  デビット 578749 ,0.0
デビット  デビット 579060 ,0.0
デビット  デビット 579271 ,0.0
デビット  デビット 580455 [適格]10％,0.0
デビット  デビット 581226 ,0.0
デビット  デビット 581748 ,0.0
デビット  デビット 581910 [適格]10％,0.0
デビット  デビット 582469 ,0.0
デビット  デビット 583681 ,0.0
デビット  デビット 583708 ,0.0
デビット  デビット 584053 [適格]10％,0.0
デビット  デビット 584062 ,0.0
デビット  デビット 584182 ,0.0
デビット  デビット 584611 ,0.0
デビット  デビット 586047 [適格]10％,0.0
デビット  デビット 586139 ,0.0
デビット  デビット 586347 ,0.0
デビット  デビット 586595 ,0.0
デビット  デビット 586684 ,0.0
デビット  デビット 589752 ,0.0
デビット  デビット 589755 ,0.0
デビット  デビット 590311 ,0.0
デビット  デビット 591397 [適格]10％,0.0
デビット  デビット 591914 [適格]10％,0.0
デビット  デビット 592189 ,0.0
デビット  デビット 592636 ,0.0
デビット  デビット 593106 [適格]10％,0.0
デビット  デビット 593251 ,0.0
デビット  デビット 593641 ,0.0
デビット  デビット 593975 ,0.0
デビット  デビット 594257 ,0.0
デビット  デビット 595365 ,0.0
デビット  デビット 595742 ,0.0
デビット  デビット 595744 ,0.0
デビット  デビット 596862 ,0.0
デビット  デビット 597759 ,0.0
デビット  デビット 597776 [適格]10％,0.0
デビット  デビット 597842 ,0.0
デビット  デビット 598590 ,0.0
デビット  デビット 598870 [適格]10％,0.0
デビット  デビット 599469 ,0.0
デビット  デビット 600583 ,0.0
デビット  デビット 600993 ,0.0
デビット  デビット 600998 [適格]10％,0.0
デビット  デビット 601026 [適格]10％,0.0
デビット  デビット 601241 ,0.0
デビット  デビット 601248 ,0.0
デビット  デビット 601607 [適格]10％,0.0
デビット  デビット 601822 ,0.0
デビット  デビット 601896 ,0.0
デビット  デビット 601900 ,0.0
デビット  デビット 601956 ,0.0
デビット  デビット 602087 ,0.0
デビット  デビット 602501 [適格]10％,0.0
デビット  デビット 602507 [適格]10％,0.0
デビット  デビット 603203 [適格]10％,0.0
デビット  デビット 603300 ,0.0
デビット  デビット 603383 ,0.0
デビット  デビット 603432 ,0.0
デビット  デビット 603654 ,0.0
デビット  デビット 603682 ,0.0
デビット  デビット 603712 ,0.0
デビット  デビット 603812 ,0.0
デビット  デビット 603899 ,0.0
デビット  デビット 603904 ,0.0
デビット  デビット 603952 ,0.0
デビット  デビット 603973 ,0.0
デビット  デビット 603995 ,0.0
デビット  デビット 604031 ,0.0
デビット  デビット 604045 ,0.0
デビット  デビット 604471 ,0.0
デビット  デビット 605487 [適格]10％,0.0
デビット  デビット 605731 ,0.0
デビット  デビット 605784 ,0.0
デビット  デビット 606377 ,0.0
デビット  デビット 606596 ,0.0
デビット  デビット 608900 ,0.0
デビット  デビット 609089 ,0.0
デビット  デビット 609696 ,0.0
デビット  デビット 609774 ,0.0
デビット  デビット 610741 [適格]10％,0.0
デビット  デビット 611482 [適格]10％,0.0
デビット  デビット 612095 ,0.0
デビット  デビット 612470 [適格]10％,0.0
デビット  デビット 614908 ,0.0
デビット  デビット 615263 [適格]10％,0.0
デビット  デビット 615717 ,0.0
デビット  デビット 615735 ,0.0
デビット  デビット 616079 ,0.0
デビット  デビット 616107 ,0.0
デビット  デビット 616766 ,0.0
デビット  デビット 617214 ,0.0
デビット  デビット 617315 [適格]10％,0.0
デビット  デビット 617379 [適格]10％,0.0
デビット  デビット 617418 [適格]10％,0.0
デビット  デビット 617639 ,0.0
デビット  デビット 617704 ,0.0
デビット  デビット 618047 ,0.0
デビット  デビット 618511 [適格]10％,0.0
デビット  デビット 618975 ,0.0
デビット  デビット 619264 [適格]10％,0.0
デビット  デビット 619650 ,0.0
デビット  デビット 620792 ,0.0
デビット  デビット 620944 [適格]10％,0.0
デビット  デビット 622132 ,0.0
デビット  デビット 623184 ,0.0
デビット  デビット 623547 [適格]10％,0.0
デビット  デビット 623565 ,0.0
デビット  デビット 623617 [適格]10％,0.0
デビット  デビット 623674 [適格]10％,0.0
デビット  デビット 624196 ,0.0
デビット  デビット 624669 ,0.0
デビット  デビット 624734 ,0.0
デビット  デビット 624837 ,0.0
デビット  デビット 625215 [適格]10％,0.0
デビット  デビット 625940 ,0.0
デビット  デビット 626062 ,0.0
デビット  デビット 626100 ,0.0
デビット  デビット 626132 ,0.0
デビット  デビット 626240 ,0.0
デビット  デビット 626858 ,0.0
デビット  デビット 626894 [適格]10％,0.0
デビット  デビット 627155 ,0.0
デビット  デビット 627351 [適格]10％,0.0
デビット  デビット 628467 ,0.0
デビット  デビット 628780 ,0.0
デビット  デビット 629782 ,0.0
デビット  デビット 629824 ,0.0
デビット  デビット 629985 ,0.0
デビット  デビット 630142 ,0.0
デビット  デビット 630336 ,0.0
デビット  デビット 630762 ,0.0
デビット  デビット 630784 ,0.0
デビット  デビット 631183 [適格]10％,0.0
デビット  デビット 631720 ,0.0
デビット  デビット 632137 ,0.0
デビット  デビット 632578 ,0.0
デビット  デビット 632606 [適格]10％,0.0
デビット  デビット 633069 ,0.0
デビット  デビット 633249 ,0.0
デビット  デビット 634026 [適格]10％,0.0
デビット  デビット 634127 [適格]10％,0.0
デビット  デビット 634238 ,0.0
デビット  デビット 634435 ,0.0
デビット  デビット 634460 [適格]10％,0.0
デビット  デビット 634514 ,0.0
デビット  デビット 635038 ,0.0
デビット  デビット 635955 ,0.0
デビット  デビット 636865 ,0.0
デビット  デビット 637445 ,0.0
デビット  デビット 638895 [適格]10％,0.0
デビット  デビット 639257 ,0.0
デビット  デビット 639528 ,0.0
デビット  デビット 639632 ,0.0
デビット  デビット 639675 ,0.0
デビット  デビット 640182 ,0.0
デビット  デビット 640798 [適格]10％,0.0
デビット  デビット 641083 [適格]10％,0.0
デビット  デビット 641246 ,0.0
デビット  デビット 641260 ,0.0
デビット  デビット 642130 ,0.0
デビット  デビット 642391 ,0.0
デビット  デビット 642432 ,0.0
デビット  デビット 642629 [適格]10％,0.0
デビット  デビット 644980 ,0.0
デビット  デビット 645362 ,0.0
デビット  デビット 646976 ,0.0
デビット  デビット 647104 ,0.0
デビット  デビット 647631 ,0.0
デビット  デビット 647827 ,0.0
デビット  デビット 648353 ,0.0
デビット  デビット 648440 ,0.0
デビット  デビット 649383 ,0.0
デビット  デビット 649766 ,0.0
デビット  デビット 650139 ,0.0
デビット  デビット 650423 [適格]10％,0.0
デビット  デビット 652417 [適格]10％,0.0
デビット  デビット 653515 ,0.0
デビット  デビット 654380 [適格]10％,0.0
デビット  デビット 654895 ,0.0
デビット  デビット 655807 ,0.0
デビット  デビット 656397 [適格]10％,0.0
デビット  デビット 657045 [適格]10％,0.0
デビット  デビット 657266 ,0.0
デビット  デビット 657346 [適格]10％,0.0
デビット  デビット 657647 [適格]10％,0.0
デビット  デビット 658741 [適格]10％,0.0
デビット  デビット 659093 [適格]10％,0.0
デビット  デビット 660546 ,0.0
デビット  デビット 661302 ,0.0
デビット  デビット 662597 [適格]10％,0.0
デビット  デビット 663077 ,0.0
デビット  デビット 664201 ,0.0
デビット  デビット 666963 ,0.0
デビット  デビット 667171 ,0.0
デビット  デビット 669495 ,0.0
デビット  デビット 670593 ,0.0
デビット  デビット 672494 ,0.0
デビット  デビット 672604 [適格]10％,0.0
デビット  デビット 673027 [適格]10％,0.0
デビット  デビット 673344 ,0.0
デビット  デビット 674388 ,0.0
デビット  デビット 675095 ,0.0
デビット  デビット 676319 ,0.0
デビット  デビット 676348 ,0.0
デビット  デビット 676656 [適格]10％,0.0
デビット  デビット 677666 [適格]10％,0.0
デビット  デビット 678035 ,0.0
デビット  デビット 678408 ,0.0
デビット  デビット 678641 ,0.0
デビット  デビット 678780 ,0.0
デビット  デビット 679342 ,0.0
デビット  デビット 679386 ,0.0
デビット  デビット 679512 ,0.0
デビット  デビット 680934 ,0.0
デビット  デビット 681242 ,0.0
デビット  デビット 682268 ,0.0
デビット  デビット 682275 ,0.0
デビット  デビット 682321 ,0.0
デビット  デビット 682806 [適格]10％,0.0
デビット  デビット 683015 ,0.0
デビット  デビット 684483 ,0.0
デビット  デビット 684701 ,0.0
デビット  デビット 684826 [適格]10％,0.0
デビット  デビット 686165 [適格]10％,0.0
デビット  デビット 686457 ,0.0
デビット  デビット 687053 [適格]10％,0.0
デビット  デビット 687837 [適格]10％,0.0
デビット  デビット 689160 ,0.0
デビット  デビット 689253 ,0.0
デビット  デビット 689369 ,0.0
デビット  デビット 692076 [適格]10％,0.0
デビット  デビット 692375 ,0.0
デビット  デビット 692405 ,0.0
デビット  デビット 692606 ,0.0
デビット  デビット 696102 [適格]10％,0.0
デビット  デビット 696179 ,0.0
デビット  デビット 696349 [適格]10％,0.0
デビット  デビット 696422 ,0.0
デビット  デビット 697324 ,0.0
デビット  デビット 697930 ,0.0
デビット  デビット 698212 [適格]10％,0.0
デビット  デビット 698495 [適格]10％,0.0
デビット  デビット 699040 ,0.0
デビット  デビット 699728 ,0.0
デビット  デビット 699977 ,0.0
デビット  デビット 701230 ,0.0
デビット  デビット 701676 ,0.0
デビット  デビット 701967 ,0.0
デビット  デビット 701984 ,0.0
デビット  デビット 702013 [適格]10％,0.0
デビット  デビット 702022 ,0.0
デビット  デビット 702309 ,0.0
デビット  デビット 702323 ,0.0
デビット  デビット 702414 ,0.0
デビット  デビット 702483 ,0.0
デビット  デビット 702780 ,0.0
デビット  デビット 703131 ,0.0
デビット  デビット 703303 ,0.0
デビット  デビット 703450 ,0.0
デビット  デビット 704366 ,0.0
デビット  デビット 704383 ,0.0
デビット  デビット 704729 ,0.0
デビット  デビット 705009 ,0.0
デビット  デビット 705053 ,0.0
デビット  デビット 705177 [適格]10％,0.0
デビット  デビット 705612 ,0.0
デビット  デビット 708021 [適格]10％,0.0
デビット  デビット 708646 [適格]10％,0.0
デビット  デビット 708895 ,0.0
デビット  デビット 709241 [適格]10％,0.0
デビット  デビット 709374 ,0.0
デビット  デビット 709693 [適格]10％,0.0
デビット  デビット 710015 [適格]10％,0.0
デビット  デビット 710262 ,0.0
デビット  デビット 710476 ,0.0
デビット  デビット 710834 ,0.0
デビット  デビット 711146 ,0.0
デビット  デビット 711271 ,0.0
デビット  デビット 711866 [適格]10％,0.0
デビット  デビット 712472 ,0.0
デビット  デビット 712561 [適格]10％,0.0
デビット  デビット 712634 ,0.0
デビット  デビット 712814 [適格]10％,0.0
デビット  デビット 712829 ,0.0
デビット  デビット 713075 [適格]10％,0.0
デビット  デビット 715745 ,0.0
デビット  デビット 717397 ,0.0
デビット  デビット 718994 ,0.0
デビット  デビット 720274 [適格]10％,0.0
デビット  デビット 721027 ,0.0
デビット  デビット 721041 ,0.0
デビット  デビット 721402 ,0.0
デビット  デビット 721793 ,0.0
デビット  デビット 721847 ,0.0
デビット  デビット 722140 ,0.0
デビット  デビット 722350 ,0.0
デビット  デビット 722358 ,0.0
デビット  デビット 722361 ,0.0
デビット  デビット 722626 [適格]10％,0.0
デビット  デビット 722725 ,0.0
デビット  デビット 723085 [適格]10％,0.0
デビット  デビット 723406 ,0.0
デビット  デビット 723499 ,0.0
デビット  デビット 723895 ,0.0
デビット  デビット 724906 ,0.0
デビット  デビット 725400 ,0.0
デビット  デビット 725602 ,0.0
デビット  デビット 726086 ,0.0
デビット  デビット 726151 [適格]10％,0.0
デビット  デビット 726463 ,0.0
デビット  デビット 727501 [適格]10％,0.0
デビット  デビット 727647 ,0.0
デビット  デビット 727800 [適格]10％,0.0
デビット  デビット 727842 ,0.0
デビット  デビット 727990 ,0.0
デビット  デビット 728643 ,0.0
デビット  デビット 729715 ,0.0
デビット  デビット 730090 [適格]10％,0.0
デビット  デビット 730730 ,0.0
デビット  デビット 730871 ,0.0
デビット  デビット 732469 ,0.0
デビット  デビット 732589 ,0.0
デビット  デビット 732708 ,0.0
デビット  デビット 732893 [適格]10％,0.0
デビット  デビット 732998 ,0.0
デビット  デビット 733144 ,0.0
デビット  デビット 733212 ,0.0
デビット  デビット 733444 ,0.0
デビット  デビット 733861 ,0.0
デビット  デビット 734874 ,0.0
デビット  デビット 734944 [適格]10％,0.0
デビット  デビット 735414 ,0.0
デビット  デビット 736386 ,0.0
デビット  デビット 738055 ,0.0
デビット  デビット 739424 ,0.0
デビット  デビット 739595 ,0.0
デビット  デビット 739680 ,0.0
デビット  デビット 739954 ,0.0
デビット  デビット 740784 ,0.0
デビット  デビット 741719 ,0.0
デビット  デビット 741801 ,0.0
デビット  デビット 741972 [適格]10％,0.0
デビット  デビット 743179 ,0.0
デビット  デビット 743189 ,0.0
デビット  デビット 744182 [適格]10％,0.0
デビット  デビット 744220 ,0.0
デビット  デビット 744690 ,0.0
デビット  デビット 744859 ,0.0
デビット  デビット 745051 ,0.0
デビット  デビット 745563 [適格]10％,0.0
デビット  デビット 745816 ,0.0
デビット  デビット 746087 [適格]10％,0.0
デビット  デビット 747592 ,0.0
デビット  デビット 747801 ,0.0
デビット  デビット 747815 ,0.0
デビット  デビット 748071 [適格]10％,0.0
デビット  デビット 748276 ,0.0
デビット  デビット 749221 ,0.0
デビット  デビット 749908 [適格]10％,0.0
デビット  デビット 752234 ,0.0
デビット  デビット 752466 ,0.0
デビット  デビット 752525 ,0.0
デビット  デビット 752942 ,0.0
デビット  デビット 753346 ,0.0
デビット  デビット 754532 ,0.0
デビット  デビット 755243 ,0.0
デビット  デビット 755687 ,0.0
デビット  デビット 756094 [適格]10％,0.0
デビット  デビット 756318 ,0.0
デビット  デビット 757488 ,0.0
デビット  デビット 757825 ,0.0
デビット  デビット 758878 ,0.0
デビット  デビット 761106 ,0.0
デビット  デビット 761240 ,0.0
デビット  デビット 761859 ,0.0
デビット  デビット 761926 ,0.0
デビット  デビット 762443 ,0.0
デビット  デビット 764008 ,0.0
デビット  デビット 764214 ,0.0
デビット  デビット 765461 ,0.0
デビット  デビット 766118 ,0.0
デビット  デビット 766730 ,0.0
デビット  デビット 767318 ,0.0
デビット  デビット 767390 ,0.0
デビット  デビット 767426 [適格]10％,0.0
デビット  デビット 767472 ,0.0
デビット  デビット 767476 ,0.0
デビット  デビット 767482 ,0.0
デビット  デビット 767490 ,0.0
デビット  デビット 767553 ,0.0
デビット  デビット 767567 ,0.0
デビット  デビット 768110 ,0.0
デビット  デビット 768376 ,0.0
デビット  デビット 768646 [適格]10％,0.0
デビット  デビット 769639 ,0.0
デビット  デビット 769675 ,0.0
デビット  デビット 769732 ,0.0
デビット  デビット 770199 ,0.0
デビット  デビット 770241 ,0.0
デビット  デビット 770452 ,0.0
デビット  デビット 771510 [適格]10％,0.0
デビット  デビット 771772 ,0.0
デビット  デビット 771848 [適格]10％,0.0
デビット  デビット 771888 ,0.0
デビット  デビット 771923 ,0.0
デビット  デビット 771943 ,0.0
デビット  デビット 771971 ,0.0
デビット  デビット 774159 [適格]10％,0.0
デビット  デビット 774632 ,0.0
デビット  デビット 775197 ,0.0
デビット  デビット 775819 ,0.0
デビット  デビット 776963 ,0.0
デビット  デビット 777332 ,0.0
デビット  デビット 781068 ,0.0
デビット  デビット 783309 ,0.0
デビット  デビット 783818 ,0.0
デビット  デビット 784796 ,0.0
デビット  デビット 786561 ,0.0
デビット  デビット 786963 [適格]10％,0.0
デビット  デビット 786979 ,0.0
デビット  デビット 787248 ,0.0
デビット  デビット 787598 ,0.0
デビット  デビット 788860 ,0.0
デビット  デビット 788920 [適格]10％,0.0
デビット  デビット 789697 ,0.0
デビット  デビット 790020 ,0.0
デビット  デビット 790275 ,0.0
デビット  デビット 791295 ,0.0
デビット  デビット 791299 ,0.0
デビット  デビット 791389 [適格]10％,0.0
デビット  デビット 793118 ,0.0
デビット  デビット 793840 [適格]10％,0.0
デビット  デビット 793956 ,0.0
デビット  デビット 794536 ,0.0
デビット  デビット 794837 ,0.0
デビット  デビット 795220 ,0.0
デビット  デビット 795393 ,0.0
デビット  デビット 795696 ,0.0
デビット  デビット 796699 ,0.0
デビット  デビット 797217 ,0.0
デビット  デビット 797551 ,0.0
デビット  デビット 798143 ,0.0
デビット  デビット 799828 ,0.0
デビット  デビット 800575 ,0.0
デビット  デビット 801677 ,0.0
デビット  デビット 802009 [適格]10％,0.0
デビット  デビット 802017 ,0.0
デビット  デビット 802175 ,0.0
デビット  デビット 802804 ,0.0
デビット  デビット 802918 ,0.0
デビット  デビット 803186 ,0.0
デビット  デビット 805203 ,0.0
デビット  デビット 806123 ,0.0
デビット  デビット 806979 ,0.0
デビット  デビット 807292 ,0.0
デビット  デビット 807400 ,0.0
デビット  デビット 809860 ,0.0
デビット  デビット 810648 ,0.0
デビット  デビット 811331 ,0.0
デビット  デビット 811838 ,0.0
デビット  デビット 812262 ,0.0
デビット  デビット 814136 ,0.0
デビット  デビット 814350 [適格]10％,0.0
デビット  デビット 815117 ,0.0
デビット  デビット 815617 ,0.0
デビット  デビット 815669 ,0.0
デビット  デビット 816963 ,0.0
デビット  デビット 817384 [適格]10％,0.0
デビット  デビット 817435 [適格]10％,0.0
デビット  デビット 818533 ,0.0
デビット  デビット 818899 ,0.0
デビット  デビット 818910 ,0.0
デビット  デビット 819160 ,0.0
デビット  デビット 819272 ,0.0
デビット  デビット 819818 ,0.0
デビット  デビット 820428 ,0.0
デビット  デビット 820887 ,0.0
デビット  デビット 821277 ,0.0
デビット  デビット 821936 ,0.0
デビット  デビット 822257 ,0.0
デビット  デビット 823560 ,0.0
デビット  デビット 824794 ,0.0
デビット  デビット 824795 ,0.0
デビット  デビット 824870 ,0.0
デビット  デビット 824916 [適格]10％,0.0
デビット  デビット 825088 [適格]10％,0.0
デビット  デビット 825385 ,0.0
デビット  デビット 825980 ,0.0
デビット  デビット 826959 ,0.0
デビット  デビット 827237 [適格]10％,0.0
デビット  デビット 827587 ,0.0
デビット  デビット 827696 ,0.0
デビット  デビット 828353 ,0.0
デビット  デビット 828513 ,0.0
デビット  デビット 828785 [適格]10％,0.0
デビット  デビット 829132 ,0.0
デビット  デビット 829335 ,0.0
デビット  デビット 829378 ,0.0
デビット  デビット 829495 ,0.0
デビット  デビット 829499 ,0.0
デビット  デビット 830202 ,0.0
デビット  デビット 830241 ,0.0
デビット  デビット 830910 ,0.0
デビット  デビット 831183 ,0.0
デビット  デビット 831713 ,0.0
デビット  デビット 832192 ,0.0
デビット  デビット 833632 ,0.0
デビット  デビット 833633 ,0.0
デビット  デビット 834665 ,0.0
デビット  デビット 834694 ,0.0
デビット  デビット 834720 ,0.0
デビット  デビット 835286 ,0.0
デビット  デビット 836194 ,0.0
デビット  デビット 836860 ,0.0
デビット  デビット 837165 [適格]10％,0.0
デビット  デビット 837838 [適格]10％,0.0
デビット  デビット 838680 ,0.0
デビット  デビット 839073 ,0.0
デビット  デビット 840542 [適格]10％,0.0
デビット  デビット 842699 [適格]10％,0.0
デビット  デビット 842721 ,0.0
デビット  デビット 843362 ,0.0
デビット  デビット 843602 ,0.0
デビット  デビット 843672 ,0.0
デビット  デビット 847550 ,0.0
デビット  デビット 847643 [適格]10％,0.0
デビット  デビット 848120 ,0.0
デビット  デビット 848536 ,0.0
デビット  デビット 848763 ,0.0
デビット  デビット 848954 ,0.0
デビット  デビット 851330 ,0.0
デビット  デビット 855940 ,0.0
デビット  デビット 856293 ,0.0
デビット  デビット 856309 ,0.0
デビット  デビット 856582 ,0.0
デビット  デビット 859680 [適格]10％,0.0
デビット  デビット 860638 ,0.0
デビット  デビット 861072 [適格]10％,0.0
デビット  デビット 861208 ,0.0
デビット  デビット 861901 ,0.0
デビット  デビット 862057 ,0.0
デビット  デビット 863182 ,0.0
デビット  デビット 863352 [適格]10％,0.0
デビット  デビット 864453 ,0.0
デビット  デビット 864515 ,0.0
デビット  デビット 865329 ,0.0
デビット  デビット 865445 ,0.0
デビット  デビット 865534 ,0.0
デビット  デビット 865568 ,0.0
デビット  デビット 865709 ,0.0
デビット  デビット 865990 ,0.0
デビット  デビット 866132 ,0.0
デビット  デビット 866796 ,0.0
デビット  デビット 866884 ,0.0
デビット  デビット 867112 ,0.0
デビット  デビット 867314 ,0.0
デビット  デビット 867364 ,0.0
デビット  デビット 867772 ,0.0
デビット  デビット 867977 ,0.0
デビット  デビット 868332 ,0.0
デビット  デビット 871112 [適格]10％,0.0
デビット  デビット 871421 [適格]10％,0.0
デビット  デビット 871561 ,0.0
デビット  デビット 871833 ,0.0
デビット  デビット 873436 ,0.0
デビット  デビット 873934 ,0.0
デビット  デビット 874860 ,0.0
デビット  デビット 876508 ,0.0
デビット  デビット 876855 ,0.0
デビット  デビット 879090 ,0.0
デビット  デビット 879766 ,0.0
デビット  デビット 879814 ,0.0
デビット  デビット 881522 [適格]10％,0.0
デビット  デビット 881674 ,0.0
デビット  デビット 882204 ,0.0
デビット  デビット 883830 ,0.0
デビット  デビット 883951 ,0.0
デビット  デビット 884591 ,0.0
デビット  デビット 885718 ,0.0
デビット  デビット 887205 ,0.0
デビット  デビット 888076 [適格]10％,0.0
デビット  デビット 889212 ,0.0
デビット  デビット 889649 ,0.0
デビット  デビット 889949 ,0.0
デビット  デビット 891045 ,0.0
デビット  デビット 891768 ,0.0
デビット  デビット 892711 ,0.0
デビット  デビット 892727 [適格]10％,0.0
デビット  デビット 893085 ,0.0
デビット  デビット 893359 ,0.0
デビット  デビット 893571 ,0.0
デビット  デビット 895582 ,0.0
デビット  デビット 895688 ,0.0
デビット  デビット 896079 ,0.0
デビット  デビット 896135 ,0.0
デビット  デビット 896702 ,0.0
デビット  デビット 896782 ,0.0
デビット  デビット 897071 [適格]10％,0.0
デビット  デビット 897568 ,0.0
デビット  デビット 897650 ,0.0
デビット  デビット 899202 ,0.0
デビット  デビット 899233 ,0.0
デビット  デビット 899822 ,0.0
デビット  デビット 900063 ,0.0
デビット  デビット 900234 ,0.0
デビット  デビット 900412 ,0.0
デビット  デビット 901271 [適格]10％,0.0
デビット  デビット 901993 ,0.0
デビット  デビット 902013 ,0.0
デビット  デビット 902446 [適格]10％,0.0
デビット  デビット 902708 ,0.0
デビット  デビット 902933 ,0.0
デビット  デビット 903646 [適格]10％,0.0
デビット  デビット 903651 [適格]10％,0.0
デビット  デビット 904854 [適格]10％,0.0
デビット  デビット 906284 ,0.0
デビット  デビット 906378 ,0.0
デビット  デビット 906380 ,0.0
デビット  デビット 906954 ,0.0
デビット  デビット 907658 ,0.0
デビット  デビット 907764 ,0.0
デビット  デビット 908224 [適格]10％,0.0
デビット  デビット 908266 ,0.0
デビット  デビット 908665 ,0.0
デビット  デビット 908956 [適格]10％,0.0
デビット  デビット 909082 ,0.0
デビット  デビット 909385 ,0.0
デビット  デビット 909483 ,0.0
デビット  デビット 910034 ,0.0
デビット  デビット 910126 ,0.0
デビット  デビット 910609 ,0.0
デビット  デビット 910783 ,0.0
デビット  デビット 910842 ,0.0
デビット  デビット 912693 ,0.0
デビット  デビット 912729 ,0.0
デビット  デビット 912741 ,0.0
デビット  デビット 914554 ,0.0
デビット  デビット 915071 ,0.0
デビット  デビット 915296 ,0.0
デビット  デビット 915721 [適格]10％,0.0
デビット  デビット 916652 ,0.0
デビット  デビット 917493 ,0.0
デビット  デビット 917751 ,0.0
デビット  デビット 917847 ,0.0
デビット  デビット 918042 [適格]10％,0.0
デビット  デビット 918280 [適格]10％,0.0
デビット  デビット 918583 [適格]10％,0.0
デビット  デビット 918614 ,0.0
デビット  デビット 918931 [適格]10％,0.0
デビット  デビット 919122 ,0.0
デビット  デビット 919380 ,0.0
デビット  デビット 919694 ,0.0
デビット  デビット 919986 ,0.0
デビット  デビット 920873 ,0.0
デビット  デビット 922442 ,0.0
デビット  デビット 923366 ,0.0
デビット  デビット 923413 [適格]10％,0.0
デビット  デビット 923675 ,0.0
デビット  デビット 924794 ,0.0
デビット  デビット 924944 ,0.0
デビット  デビット 925066 ,0.0
デビット  デビット 925609 ,0.0
デビット  デビット 926449 ,0.0
デビット  デビット 926516 ,0.0
デビット  デビット 927609 ,0.0
デビット  デビット 928825 [適格]10％,0.0
デビット  デビット 928933 ,0.0
デビット  デビット 929067 [適格]10％,0.0
デビット  デビット 930145 [適格]10％,0.0
デビット  デビット 930462 ,0.0
デビット  デビット 930896 ,0.0
デビット  デビット 931529 ,0.0
デビット  デビット 931637 ,0.0
デビット  デビット 931649 ,0.0
デビット  デビット 931653 ,0.0
デビット  デビット 933015 ,0.0
デビット  デビット 938356 ,0.0
デビット  デビット 938368 ,0.0
デビット  デビット 938702 [適格]10％,0.0
デビット  デビット 938807 [適格]10％,0.0
デビット  デビット 938922 ,0.0
デビット  デビット 939889 [適格]10％,0.0
デビット  デビット 940390 ,0.0
デビット  デビット 940779 ,0.0
デビット  デビット 941224 ,0.0
デビット  デビット 941319 [適格]10％,0.0
デビット  デビット 942396 ,0.0
デビット  デビット 942757 [適格]10％,0.0
デビット  デビット 945129 ,0.0
デビット  デビット 945180 ,0.0
デビット  デビット 945554 [適格]10％,0.0
デビット  デビット 946568 [適格]10％,0.0
デビット  デビット 947424 ,0.0
デビット  デビット 948081 ,0.0
デビット  デビット 948569 [適格]10％,0.0
デビット  デビット 949410 ,0.0
デビット  デビット 949478 ,0.0
デビット  デビット 949914 [適格]10％,0.0
デビット  デビット 949973 ,0.0
デビット  デビット 950504 ,0.0
デビット  デビット 950509 ,0.0
デビット  デビット 951245 [適格]10％,0.0
デビット  デビット 951910 ,0.0
デビット  デビット 952504 [適格]10％,0.0
デビット  デビット 953126 [適格]10％,0.0
デビット  デビット 953313 ,0.0
デビット  デビット 953522 ,0.0
デビット  デビット 953720 [適格]10％,0.0
デビット  デビット 953935 ,0.0
デビット  デビット 956337 [適格]10％,0.0
デビット  デビット 957432 [適格]10％,0.0
デビット  デビット 958811 ,0.0
デビット  デビット 958845 ,0.0
デビット  デビット 959116 ,0.0
デビット  デビット 959223 ,0.0
デビット  デビット 959281 ,0.0
デビット  デビット 959553 ,0.0
デビット  デビット 959597 ,0.0
デビット  デビット 959602 ,0.0
デビット  デビット 960339 ,0.0
デビット  デビット 961116 [適格]10％,0.0
デビット  デビット 961403 [適格]10％,0.0
デビット  デビット 961421 [適格]10％,0.0
デビット  デビット 961436 [適格]10％,0.0
デビット  デビット 962568 ,0.0
デビット  デビット 964209 [適格]10％,0.0
デビット  デビット 964442 ,0.0
デビット  デビット 965294 ,0.0
デビット  デビット 967008 ,0.0
デビット  デビット 967289 ,0.0
デビット  デビット 968336 [適格]10％,0.0
デビット  デビット 968718 ,0.0
デビット  デビット 968812 ,0.0
デビット  デビット 970396 ,0.0
デビット  デビット 970504 ,0.0
デビット  デビット 971267 [適格]10％,0.0
デビット  デビット 971551 [適格]10％,0.0
デビット  デビット 975206 [適格]10％,0.0
デビット  デビット 975464 ,0.0
デビット  デビット 975620 ,0.0
デビット  デビット 976074 [適格]10％,0.0
デビット  デビット 977020 ,0.0
デビット  デビット 977191 ,0.0
デビット  デビット 977641 ,0.0
デビット  デビット 978856 [適格]10％,0.0
デビット  デビット 979238 [適格]10％,0.0
デビット  デビット 979305 ,0.0
デビット  デビット 979630 [適格]10％,0.0
デビット  デビット 980019 ,0.0
デビット  デビット 980598 ,0.0
デビット  デビット 980630 ,0.0
デビット  デビット 980647 ,0.0
デビット  デビット 980678 [適格]10％,0.0
デビット  デビット 982929 ,0.0
デビット  デビット 983546 ,0.0
デビット  デビット 983547 ,0.0
デビット  デビット 983553 ,0.0
デビット  デビット 983566 ,0.0
デビット  デビット 983776 ,0.0
デビット  デビット 983977 ,0.0
デビット  デビット 984041 ,0.0
デビット  デビット 984141 [適格]10％,0.0
デビット  デビット 984377 ,0.0
デビット  デビット 984396 ,0.0
デビット  デビット 987241 ,0.0
デビット  デビット 989226 ,0.0
デビット  デビット 989296 ,0.0
デビット  デビット 991768 ,0.0
デビット  デビット 991774 ,0.0
デビット  デビット 991789 ,0.0
デビット  デビット 992190 ,0.0
デビット  デビット 993620 ,0.0
デビット  デビット 994628 ,0.0
デビット  デビット 995030 ,0.0
デビット  デビット 995153 ,0.0
デビット  デビット 995169 ,0.0
デビット  デビット 995370 ,0.0
デビット  デビット 995524 [適格]10％,0.0
デビット  デビット 995640 ,0.0
デビット  デビット 996671 ,0.0
デビット  デビット 996715 ,0.0
デビット  デビット 996759 ,0.0
デビット  デビット 996865 ,0.0
デビット  取消*デビット 000000 ,-26416483.0
デビット  取消*デビット 000000 [適格]10％,-7995709.0
デビット  取消*デビット 001603 ,-6230354.0
デビット  取消*デビット 024676 ,-15480422.0
デビット  取消*デビット 024963 ,-15480422.0
デビット  取消*デビット 025546 ,-15480422.0
デビット  取消*デビット 052440 ,-15840332.0
デビット  取消*デビット 063777 ,-14241627.0
デビット  取消*デビット 105977 ,-15496386.0
デビット  取消*デビット 127149 ,-6230354.0
デビット  取消*デビット 140885 ,-15597465.0
デビット  取消*デビット 163809 ,-14102589.0
デビット  取消*デビット 179222 ,-1864260.0
デビット  取消*デビット 221988 ,-4100394.0
デビット  取消*デビット 250649 [適格]10％,-2398452.0
デビット  取消*デビット 301160 ,-14979064.0
デビット  取消*デビット 313584 ,-11821927.0
デビット  取消*デビット 324695 ,-14876172.0
デビット  取消*デビット 341229 [適格]10％,-8300523.0
デビット  取消*デビット 350969 [適格]10％,-5147241.0
デビット  取消*デビット 356217 ,-13806177.0
デビット  取消*デビット 362768 ,-184247.0
デビット  取消*デビット 367521 ,-436467.0
デビット  取消*デビット 376189 ,-184256.0
デビット  取消*デビット 376198 ,-183267.0
デビット  取消*デビット 380975 ,-11441193.0
デビット  取消*デビット 395311 ,-3971846.0
デビット  取消*デビット 405855 [適格]10％,-3832190.0
デビット  取消*デビット 447136 ,-521242.0
デビット  取消*デビット 463201 ,-12715007.0
デビット  取消*デビット 470552 [適格]10％,-3778780.0
デビット  取消*デビット 489672 [適格]10％,-7890956.0
デビット  取消*デビット 492061 ,-11468860.0
デビット  取消*デビット 597759 ,-11419751.0
デビット  取消*デビット 608900 ,-13626260.0
デビット  取消*デビット 616079 ,-13992229.0
デビット  取消*デビット 618975 ,-15483168.0
デビット  取消*デビット 625215 [適格]10％,-4792112.0
デビット  取消*デビット 630762 ,-14187752.0
デビット  取消*デビット 632137 ,-226984.0
デビット  取消*デビット 639300 ,-15154212.0
デビット  取消*デビット 708646 [適格]10％,-8631498.0
デビット  取消*デビット 724200 ,-9982022.0
デビット  取消*デビット 752466 ,-6387075.0
デビット  取消*デビット 768646 [適格]10％,-3832590.0
デビット  取消*デビット 774632 ,-2321036.0
デビット  取消*デビット 802009 [適格]10％,-3851034.0
デビット  取消*デビット 802918 ,-6385575.0
デビット  取消*デビット 814350 [適格]10％,-2331614.0
デビット  取消*デビット 871561 ,-3902901.0
デビット  取消*デビット 892711 [適格]10％,-3778831.0
デビット  取消*デビット 912741 ,-2034388.0
デビット  取消*デビット 951245 [適格]10％,-2383782.0
デビット  取消*デビット 980598 ,-9284509.0
デビット  取消*デビット 980630 ,-9294381.0
デビット デビットカードでの決済のためSBIデビットカードに記載してます デビット 947618 ,0.0
デビット デビットカードは別途シートに記載のため、消費税は一律適格10％にしております デビット 559554 [適格]10％,0.0
デビット 法人口座における株式投資の研修 デビット 340895 ,0.0
売上高  デビット 866265 [適格]10％,0.0
売上高  デビット 931704 [適格]10％,0.0
売上高  デビット 997347 [適格]10％,0.0
支払手数料  振込手数料 ,0.0
支払手数料  振込手数料 [適格]10％,0.0
,-128849588.0
